{
  "version": 1,
  "best_weights": {
    "settle_score": 0.7594452995610207,
    "settle_progress": 1.0997865624142926,
    "settle_overkill_penalty": 0.14869830788059987,
    "reroll_keep_preview": 1.3974680249597733,
    "reroll_keep_duplicate": 9.84117302413556,
    "reroll_keep_straight": 7.138693737825428,
    "reroll_keep_high_pip": 2.334919890303257,
    "reroll_keep_special": 9.512820784737592,
    "reroll_low_score_floor": 222.58849209412406,
    "reward_pip": 6.201042797140984,
    "reward_red": 32.05928843540586,
    "reward_blue": 30.922048822275404,
    "reward_purple": 14.6122550399204,
    "reward_wild": 17.79230606003496,
    "reward_burst": 38.604045864816875,
    "reward_stay": 67.86314675752466,
    "reward_mult": 42.54665566521671,
    "reward_chip": 21.05091405781157,
    "reward_foil": 34.319891471061,
    "reward_holo": 65.50731753786565,
    "reward_poly": 50.687502551058564,
    "reward_lucky": 13.427051245510123,
    "install_high_pip": 3.253823702246774,
    "install_low_pip_for_pip": 3.0528218182882263,
    "install_empty_slot": 35.58940098457412,
    "install_combo_face": 7.554785528983276
  },
  "best_fitness": 113869.65000000001,
  "runs": [
    {
      "run": 1,
      "batch_run": 1,
      "candidate_profile": "基准复测",
      "fitness": 40738.899999999994,
      "won": false,
      "battle": 4,
      "target_score": 800,
      "battle_score": 572,
      "shortfall": 228,
      "failure_reason": "战力不足",
      "best_hand": 534,
      "total_score": 2234,
      "installed": 3,
      "elapsed": 8.699740171432495
    }
  ],
  "historical_best_source": "G:\\Dice_rougelike\\reports\\evolving_bridge_all_history_evolve_20260519\\strategy_state.json",
  "historical_best_imported_at": "2026-05-19 02:16:46",
  "state_file": "reports\\next_opt_smoke_state.json",
  "last_seed": 1421729151
}